origin,model,variable,date,step,forecast,lower,upper,is_selected
2026-08-01,ARIMA,cpi,2026-09-01,1,136.948683,135.849899,138.047467,True
2026-08-01,ARIMA,cpi,2026-10-01,2,137.331772,135.505129,139.158415,True
2026-08-01,ARIMA,cpi,2026-11-01,3,137.714861,135.376931,140.052792,True
2026-08-01,ARIMA,cpi,2026-12-01,4,138.097951,135.342009,140.853893,True
2026-08-01,ARIMA,cpi,2027-01-01,5,138.481040,135.362625,141.599455,True
2026-08-01,ARIMA,cpi,2027-02-01,6,138.864129,135.421193,142.307065,True
2026-08-01,ARIMA,cpi,2027-03-01,7,139.247219,135.507820,142.986618,True
2026-08-01,ARIMA,cpi,2027-04-01,8,139.630308,135.616282,143.644334,True
2026-08-01,ARIMA,cpi,2027-05-01,9,140.013397,135.742367,144.284428,True
2026-08-01,ARIMA,cpi,2027-06-01,10,140.396487,135.883063,144.909911,True
2026-08-01,ARIMA,cpi,2027-07-01,11,140.779576,136.036129,145.523023,True
2026-08-01,ARIMA,cpi,2027-08-01,12,141.162665,136.199845,146.125486,True
2026-08-01,ARIMA,inflation,2026-09-01,1,6.600000,5.700000,7.400000,True
2026-08-01,ARIMA,inflation,2026-10-01,2,6.800000,5.400000,8.200000,True
2026-08-01,ARIMA,inflation,2026-11-01,3,6.800000,5.000000,8.700000,True
2026-08-01,ARIMA,inflation,2026-12-01,4,6.200000,4.100000,8.300000,True
2026-08-01,ARIMA,inflation,2027-01-01,5,5.700000,3.300000,8.100000,True
2026-08-01,ARIMA,inflation,2027-02-01,6,5.800000,3.200000,8.500000,True
2026-08-01,ARIMA,inflation,2027-03-01,7,4.700000,1.900000,7.500000,True
2026-08-01,ARIMA,inflation,2027-04-01,8,2.300000,-0.600000,5.200000,True
2026-08-01,ARIMA,inflation,2027-05-01,9,3.100000,-0.000000,6.200000,True
2026-08-01,ARIMA,inflation,2027-06-01,10,3.600000,0.300000,6.900000,True
2026-08-01,ARIMA,inflation,2027-07-01,11,3.800000,0.300000,7.300000,True
2026-08-01,ARIMA,inflation,2027-08-01,12,3.500000,-0.100000,7.100000,True
2026-08-01,ARIMA,purchasing_power,2026-09-01,1,0.730000,0.720000,0.740000,True
2026-08-01,ARIMA,purchasing_power,2026-10-01,2,0.730000,0.720000,0.740000,True
2026-08-01,ARIMA,purchasing_power,2026-11-01,3,0.730000,0.710000,0.740000,True
2026-08-01,ARIMA,purchasing_power,2026-12-01,4,0.720000,0.710000,0.740000,True
2026-08-01,ARIMA,purchasing_power,2027-01-01,5,0.720000,0.710000,0.740000,True
2026-08-01,ARIMA,purchasing_power,2027-02-01,6,0.720000,0.700000,0.740000,True
2026-08-01,ARIMA,purchasing_power,2027-03-01,7,0.720000,0.700000,0.740000,True
2026-08-01,ARIMA,purchasing_power,2027-04-01,8,0.720000,0.700000,0.740000,True
2026-08-01,ARIMA,purchasing_power,2027-05-01,9,0.710000,0.690000,0.740000,True
2026-08-01,ARIMA,purchasing_power,2027-06-01,10,0.710000,0.690000,0.740000,True
2026-08-01,ARIMA,purchasing_power,2027-07-01,11,0.710000,0.690000,0.740000,True
2026-08-01,ARIMA,purchasing_power,2027-08-01,12,0.710000,0.680000,0.730000,True
2026-08-01,Linear Regression,cpi,2026-09-01,1,134.905713,131.174115,138.637312,False
2026-08-01,Linear Regression,cpi,2026-10-01,2,135.283130,131.549501,139.016759,False
2026-08-01,Linear Regression,cpi,2026-11-01,3,135.660546,131.924850,139.396243,False
2026-08-01,Linear Regression,cpi,2026-12-01,4,136.037963,132.300162,139.775764,False
2026-08-01,Linear Regression,cpi,2027-01-01,5,136.415379,132.675437,140.155322,False
2026-08-01,Linear Regression,cpi,2027-02-01,6,136.792796,133.050675,140.534917,False
2026-08-01,Linear Regression,cpi,2027-03-01,7,137.170212,133.425876,140.914549,False
2026-08-01,Linear Regression,cpi,2027-04-01,8,137.547629,133.801040,141.294218,False
2026-08-01,Linear Regression,cpi,2027-05-01,9,137.925045,134.176167,141.673923,False
2026-08-01,Linear Regression,cpi,2027-06-01,10,138.302462,134.551258,142.053666,False
2026-08-01,Linear Regression,cpi,2027-07-01,11,138.679878,134.926312,142.433445,False
2026-08-01,Linear Regression,cpi,2027-08-01,12,139.057295,135.301330,142.813260,False
2026-08-01,Linear Regression,inflation,2026-09-01,1,5.000000,2.100000,7.900000,False
2026-08-01,Linear Regression,inflation,2026-10-01,2,5.200000,2.300000,8.100000,False
2026-08-01,Linear Regression,inflation,2026-11-01,3,5.200000,2.300000,8.100000,False
2026-08-01,Linear Regression,inflation,2026-12-01,4,4.600000,1.800000,7.500000,False
2026-08-01,Linear Regression,inflation,2027-01-01,5,4.100000,1.300000,7.000000,False
2026-08-01,Linear Regression,inflation,2027-02-01,6,4.300000,1.400000,7.100000,False
2026-08-01,Linear Regression,inflation,2027-03-01,7,3.100000,0.300000,6.000000,False
2026-08-01,Linear Regression,inflation,2027-04-01,8,0.800000,-2.000000,3.500000,False
2026-08-01,Linear Regression,inflation,2027-05-01,9,1.600000,-1.200000,4.300000,False
2026-08-01,Linear Regression,inflation,2027-06-01,10,2.100000,-0.700000,4.800000,False
2026-08-01,Linear Regression,inflation,2027-07-01,11,2.300000,-0.500000,5.000000,False
2026-08-01,Linear Regression,inflation,2027-08-01,12,1.900000,-0.800000,4.700000,False
2026-08-01,Linear Regression,purchasing_power,2026-09-01,1,0.740000,0.720000,0.760000,False
2026-08-01,Linear Regression,purchasing_power,2026-10-01,2,0.740000,0.720000,0.760000,False
2026-08-01,Linear Regression,purchasing_power,2026-11-01,3,0.740000,0.720000,0.760000,False
2026-08-01,Linear Regression,purchasing_power,2026-12-01,4,0.740000,0.720000,0.760000,False
2026-08-01,Linear Regression,purchasing_power,2027-01-01,5,0.730000,0.710000,0.750000,False
2026-08-01,Linear Regression,purchasing_power,2027-02-01,6,0.730000,0.710000,0.750000,False
2026-08-01,Linear Regression,purchasing_power,2027-03-01,7,0.730000,0.710000,0.750000,False
2026-08-01,Linear Regression,purchasing_power,2027-04-01,8,0.730000,0.710000,0.750000,False
2026-08-01,Linear Regression,purchasing_power,2027-05-01,9,0.730000,0.710000,0.750000,False
2026-08-01,Linear Regression,purchasing_power,2027-06-01,10,0.720000,0.700000,0.740000,False
2026-08-01,Linear Regression,purchasing_power,2027-07-01,11,0.720000,0.700000,0.740000,False
2026-08-01,Linear Regression,purchasing_power,2027-08-01,12,0.720000,0.700000,0.740000,False
2026-08-01,Moving Average,cpi,2026-09-01,1,135.833333,135.366667,138.116667,False
2026-08-01,Moving Average,cpi,2026-10-01,2,135.833333,135.295000,139.111667,False
2026-08-01,Moving Average,cpi,2026-11-01,3,135.833333,135.360000,139.978333,False
2026-08-01,Moving Average,cpi,2026-12-01,4,135.833333,135.414167,140.791667,False
2026-08-01,Moving Average,cpi,2027-01-01,5,135.833333,135.700000,141.486667,False
2026-08-01,Moving Average,cpi,2027-02-01,6,135.833333,136.012500,142.291667,False
2026-08-01,Moving Average,cpi,2027-03-01,7,135.833333,136.290000,142.948333,False
2026-08-01,Moving Average,cpi,2027-04-01,8,135.833333,136.388333,143.324167,False
2026-08-01,Moving Average,cpi,2027-05-01,9,135.833333,136.573333,143.916667,False
2026-08-01,Moving Average,cpi,2027-06-01,10,135.833333,136.851667,144.547500,False
2026-08-01,Moving Average,cpi,2027-07-01,11,135.833333,137.150000,144.866667,False
2026-08-01,Moving Average,cpi,2027-08-01,12,135.833333,137.337500,145.166667,False
2026-08-01,Moving Average,inflation,2026-09-01,1,5.700000,5.300000,7.500000,False
2026-08-01,Moving Average,inflation,2026-10-01,2,5.600000,5.200000,8.200000,False
2026-08-01,Moving Average,inflation,2026-11-01,3,5.400000,5.000000,8.600000,False
2026-08-01,Moving Average,inflation,2026-12-01,4,4.500000,4.200000,8.300000,False
2026-08-01,Moving Average,inflation,2027-01-01,5,3.700000,3.600000,8.000000,False
2026-08-01,Moving Average,inflation,2027-02-01,6,3.500000,3.700000,8.500000,False
2026-08-01,Moving Average,inflation,2027-03-01,7,2.100000,2.500000,7.500000,False
2026-08-01,Moving Average,inflation,2027-04-01,8,-0.500000,-0.100000,5.000000,False
2026-08-01,Moving Average,inflation,2027-05-01,9,0.000000,0.600000,6.000000,False
2026-08-01,Moving Average,inflation,2027-06-01,10,0.200000,1.000000,6.700000,False
2026-08-01,Moving Average,inflation,2027-07-01,11,0.200000,1.100000,6.800000,False
2026-08-01,Moving Average,inflation,2027-08-01,12,-0.400000,0.700000,6.400000,False
2026-08-01,Moving Average,purchasing_power,2026-09-01,1,0.740000,0.720000,0.740000,False
2026-08-01,Moving Average,purchasing_power,2026-10-01,2,0.740000,0.720000,0.740000,False
2026-08-01,Moving Average,purchasing_power,2026-11-01,3,0.740000,0.710000,0.740000,False
2026-08-01,Moving Average,purchasing_power,2026-12-01,4,0.740000,0.710000,0.740000,False
2026-08-01,Moving Average,purchasing_power,2027-01-01,5,0.740000,0.710000,0.740000,False
2026-08-01,Moving Average,purchasing_power,2027-02-01,6,0.740000,0.700000,0.740000,False
2026-08-01,Moving Average,purchasing_power,2027-03-01,7,0.740000,0.700000,0.730000,False
2026-08-01,Moving Average,purchasing_power,2027-04-01,8,0.740000,0.700000,0.730000,False
2026-08-01,Moving Average,purchasing_power,2027-05-01,9,0.740000,0.690000,0.730000,False
2026-08-01,Moving Average,purchasing_power,2027-06-01,10,0.740000,0.690000,0.730000,False
2026-08-01,Moving Average,purchasing_power,2027-07-01,11,0.740000,0.690000,0.730000,False
2026-08-01,Moving Average,purchasing_power,2027-08-01,12,0.740000,0.690000,0.730000,False
2026-08-01,ETS,cpi,2026-09-01,1,136.780539,135.636619,137.924460,False
2026-08-01,ETS,cpi,2026-10-01,2,137.161121,135.543373,138.778868,False
2026-08-01,ETS,cpi,2026-11-01,3,137.541702,135.560308,139.523096,False
2026-08-01,ETS,cpi,2026-12-01,4,137.922283,135.634271,140.210296,False
2026-08-01,ETS,cpi,2027-01-01,5,138.302865,135.744674,140.861055,False
2026-08-01,ETS,cpi,2027-02-01,6,138.683446,135.880958,141.485934,False
2026-08-01,ETS,cpi,2027-03-01,7,139.064028,136.036850,142.091205,False
2026-08-01,ETS,cpi,2027-04-01,8,139.444609,136.208264,142.680953,False
2026-08-01,ETS,cpi,2027-05-01,9,139.825190,136.392362,143.258019,False
2026-08-01,ETS,cpi,2027-06-01,10,140.205772,136.587076,143.824467,False
2026-08-01,ETS,cpi,2027-07-01,11,140.586353,136.790847,144.381859,False
2026-08-01,ETS,cpi,2027-08-01,12,140.966934,137.002462,144.931407,False
2026-08-01,ETS,inflation,2026-09-01,1,6.400000,5.600000,7.300000,False
2026-08-01,ETS,inflation,2026-10-01,2,6.700000,5.400000,7.900000,False
2026-08-01,ETS,inflation,2026-11-01,3,6.700000,5.200000,8.200000,False
2026-08-01,ETS,inflation,2026-12-01,4,6.100000,4.300000,7.900000,False
2026-08-01,ETS,inflation,2027-01-01,5,5.600000,3.600000,7.500000,False
2026-08-01,ETS,inflation,2027-02-01,6,5.700000,3.600000,7.800000,False
2026-08-01,ETS,inflation,2027-03-01,7,4.600000,2.300000,6.800000,False
2026-08-01,ETS,inflation,2027-04-01,8,2.200000,-0.200000,4.500000,False
2026-08-01,ETS,inflation,2027-05-01,9,3.000000,0.400000,5.500000,False
2026-08-01,ETS,inflation,2027-06-01,10,3.500000,0.800000,6.100000,False
2026-08-01,ETS,inflation,2027-07-01,11,3.700000,0.900000,6.500000,False
2026-08-01,ETS,inflation,2027-08-01,12,3.300000,0.400000,6.300000,False
2026-08-01,ETS,purchasing_power,2026-09-01,1,0.730000,0.730000,0.740000,False
2026-08-01,ETS,purchasing_power,2026-10-01,2,0.730000,0.720000,0.740000,False
2026-08-01,ETS,purchasing_power,2026-11-01,3,0.730000,0.720000,0.740000,False
2026-08-01,ETS,purchasing_power,2026-12-01,4,0.730000,0.710000,0.740000,False
2026-08-01,ETS,purchasing_power,2027-01-01,5,0.720000,0.710000,0.740000,False
2026-08-01,ETS,purchasing_power,2027-02-01,6,0.720000,0.710000,0.740000,False
2026-08-01,ETS,purchasing_power,2027-03-01,7,0.720000,0.700000,0.740000,False
2026-08-01,ETS,purchasing_power,2027-04-01,8,0.720000,0.700000,0.730000,False
2026-08-01,ETS,purchasing_power,2027-05-01,9,0.720000,0.700000,0.730000,False
2026-08-01,ETS,purchasing_power,2027-06-01,10,0.710000,0.700000,0.730000,False
2026-08-01,ETS,purchasing_power,2027-07-01,11,0.710000,0.690000,0.730000,False
2026-08-01,ETS,purchasing_power,2027-08-01,12,0.710000,0.690000,0.730000,False
